{"train_loss": 0.6931471824645996, "val_loss": 0.6931812630162071, "val_avg_auc": 0.49696454339311485, "_timestamp": 1682347106.2721999, "_runtime": 27.405237913131714, "_step": 147, "_wandb": {"runtime": 27}}