{"loss": 0.6931488430359015, "_timestamp": 1682303041.6006644, "_runtime": 218147.68259429932, "_step": 95869, "_wandb": {"runtime": 218171}}