{"train_loss": 0.6931471824645996, "val_loss": 0.6931901679020424, "val_avg_auc": 0.4954287775716347, "_timestamp": 1682338253.1153667, "_runtime": 42.56996464729309, "_step": 199, "_wandb": {"runtime": 42}}