{"train_loss": 0.6957240049687607, "test_loss": 0.6951895817178411, "test_avg_auc": 0.6614950525664811, "_timestamp": 1682409207.6792405, "_runtime": 136.12347745895386, "_step": 99, "_wandb": {"runtime": 135}}