{"test_loss": 0.6961562981274861, "val_loss": 0.6945965478539923, "val_avg_auc": 0.4980699855699856, "_timestamp": 1682337893.2424958, "_runtime": 16.53087878227234, "_step": 9, "_wandb": {"runtime": 16}}