{"loss": 0.6943893500472085, "_timestamp": 1682345099.3343322, "_runtime": 22025.425621271133, "_step": 0, "_wandb": {"runtime": 22044}}