{"train_loss": 0.6939963367650913, "val_loss": 0.6938141795724125, "val_avg_auc": 0.47105263157894733, "n_species_val": 20, "_timestamp": 1682411749.4401367, "_runtime": 87.28945255279541, "_step": 100, "test_loss": 0.6937155983714184, "test_avg_auc": 0.48484848484848486, "_wandb": {"runtime": 86}}